instancia, otimo, media_solucao, melhor_solucao, media_tempo, gap
bayg29, 1610, 1781.78333, 1620.0, 0.04473, 0.62112
bays29, 2020, 2090.38333, 2020.0, 0.03215, 0.0
berlin52, 7542, 8269.43333, 7788.0, 0.1481, 3.26173
bier127, 118282, 125484.05, 118959.0, 1.33405, 0.57236
brazil58, 25395, 27260.68333, 25395.0, 0.21614, 0.0
ch130, 6110, 6896.73333, 6235.0, 1.70494, 2.04583
ch150, 6528, 7300.68333, 6691.0, 1.85938, 2.49694
swiss42, 1273, 1425.41667, 1273.0, 0.09161, 0.0
