instancia, otimo, media_solucao, melhor_solucao, media_tempo, gap
bayg29, 1610, 1765.0, 1765.0, 0.01305, 9.62733
bays29, 2020, 2065.0, 2065.0, 0.01288, 2.22772
berlin52, 7542, 8051.0, 8051.0, 0.04799, 6.74887
bier127, 118282, 125213.0, 125213.0, 0.33358, 5.85973
brazil58, 25395, 25932.0, 25932.0, 0.06523, 2.11459
ch130, 6110, 6700.0, 6700.0, 0.35703, 9.6563
ch150, 6528, 6974.0, 6974.0, 0.44198, 6.83211
swiss42, 1273, 1364.0, 1364.0, 0.02731, 7.14847
