instancia, otimo, media_solucao, melhor_solucao, media_tempo, gap
bayg29, 1610, 1646.6, 1620.0, 0.11259, 0.62112
bays29, 2020, 2039.7, 2020.0, 0.07689, 0.0
berlin52, 7542, 7985.7, 7716.0, 0.30992, 2.30708
bier127, 118282, 122555.5, 119288.0, 3.01901, 0.85051
brazil58, 25395, 25712.1, 25395.0, 0.59309, 0.0
ch130, 6110, 6424.0, 6257.0, 4.12911, 2.40589
ch150, 6528, 6860.6, 6750.0, 5.76179, 3.40074
swiss42, 1273, 1306.2, 1273.0, 0.22633, 0.0
